2025-01-04 13:32:17.974665,6281036110008
2025-01-04 13:33:05.352671,8901765092106
2025-01-04 13:34:13.536337,http://pepsico.info/490p8i
2025-01-04 13:34:13.659949,6281036110008
2025-01-04 13:34:57.474754,9180201379684
2025-01-04 13:34:57.732911,9780201379624
2025-01-04 13:35:46.838017,4101450004474
2025-01-04 13:35:48.091972,5108410004474
2025-01-04 13:35:57.259162,3728112482442
2025-01-04 13:35:57.477047,9798218482442
2025-01-04 13:40:26.996281,8901765092106
2025-01-04 13:42:03.939634,8901765092106
2025-01-04 13:42:43.384841,8901765092106
2025-01-04 13:44:30.625604,6281036110008
2025-01-04 13:45:03.214171,http://pepsico.info/490p8i
2025-01-04 13:45:49.435996,6251001210316
2025-01-04 13:47:54.850025,454173
2025-01-04 13:48:20.937371,202035
